,회계년도,회사명,거래소코드,ESG등급,환경,사회,지배구조,내용
0,2022,AJ네트웍스,95570,B+,C,B+,B+,
1,2022,AK홀딩스,6840,B+,B,A,B,
2,2022,AP시스템,265520,D,D,C,C,
3,2022,BGF,27410,B+,A,A+,B,
4,2022,BGF리테일,282330,A,A,A+,A,
5,2022,BNK금융지주,138930,A,A,A,A,
6,2022,BNK캐피탈,801190,-,-,-,B+,
7,2022,BYC,1460,D,D,D,D,시정명령
8,2022,CJ,1040,B+,B+,A,B+,
9,2022,CJ CGV,79160,B+,B,B+,B+,
10,2022,CJ ENM,35760,B+,B+,A,B,
11,2022,CJ대한통운,120,B+,B+,A+,B,
12,2022,CJ씨푸드,11150,B,C,B,B,
13,2022,CJ제일제당,97950,A,A,A,B+,원안의결
14,2022,CJ프레시웨이,51500,A,B,A,A,
15,2022,CMG제약,58820,D,D,D,D,
16,2022,CS홀딩스,590,C,D,D,B,
17,2022,DB,12030,B,D,B,B+,
18,2022,DB금융투자,16610,B,C,B,B,
19,2022,DB생명보험,818158,-,-,-,B+,
20,2022,DB손해보험,5830,B+,B+,A,B+,"과징금,시정명령"
21,2022,DB하이텍,990,B,B,B+,B,
22,2022,DGB금융지주,139130,A,A+,A+,A,
23,2022,DGB생명보험,813363,-,-,-,B+,
24,2022,DL,210,A,A,A+,A,
25,2022,DL건설,1880,A,A,A,B+,
26,2022,DL이앤씨,375500,A,A,A,A,
27,2022,DRB동일,4840,C,D,B+,B,
28,2022,DSR,155660,D,D,C,D,
29,2022,DSR제강,69730,C,D,C,B,
30,2022,E1,17940,B+,B+,B+,B+,
31,2022,F&F 홀딩스,7700,B,B,B+,B,
32,2022,GKL,114090,A,B,A,A,
33,2022,GS,78930,A,B+,A+,A,
34,2022,GS건설,6360,A,A,A,A,
35,2022,GS글로벌,1250,B+,C,B+,B+,
36,2022,GS리테일,7070,A,B+,A+,A,
37,2022,HDC,12630,C,D,B,C,
38,2022,HDC랩스,39570,D,D,D,D,
39,2022,HDC현대EP,89470,C,C,B,C,
40,2022,HDC현대산업개발,294870,C,D,C,B,
41,2022,HD현대,267250,A,B+,A,A,
42,2022,HJ중공업,97230,B,C,B+,B+,
43,2022,HL D&I,14790,B+,B+,A,B+,
44,2022,HLB,28300,C,C,B,D,
45,2022,HLB글로벌,3580,D,D,C,D,
46,2022,HLB생명과학,67630,C,D,B,B,
47,2022,HL홀딩스,60980,B+,B+,A,B+,
48,2022,HMM,11200,A,A+,A,B+,
49,2022,HSD엔진,82740,B+,B,A,B+,
50,2022,JB금융지주,175330,A,A,A+,A,
51,2022,JW생명과학,234080,C,C,B+,C,
52,2022,JW중외제약,1060,C,B,B+,D,
53,2022,JW홀딩스,96760,B+,C,B+,B+,
54,2022,JYP Ent.,35900,B,C,A,B,
55,2022,KB금융지주,105560,A+,A+,A+,A+,
56,2022,KB손해보험,2550,-,-,-,A,
57,2022,KB캐피탈,21960,-,-,-,A,
58,2022,KCC건설,21320,D,D,D,D,
59,2022,KCI,36670,C,B,B+,C,
60,2022,KC그린홀딩스,9440,D,D,D,C,
61,2022,KC코트렐,119650,D,D,D,C,
62,2022,KEC,92220,C,C,D,C,
63,2022,KG ETS,151860,D,C,D,D,
64,2022,KG모빌리언스,46440,D,D,D,C,
65,2022,KG스틸,16380,C,B,B+,D,
66,2022,KG이니시스,35600,D,D,C,D,
67,2022,KG케미칼,1390,D,D,D,D,
68,2022,KH 필룩스,33180,D,D,C,D,
69,2022,KH바텍,60720,B+,B,A,B+,
70,2022,KISCO홀딩스,1940,C,C,D,C,
71,2022,KPX케미칼,25000,D,C,C,D,
72,2022,KPX홀딩스,92230,C,D,C,C,
73,2022,KR모터스,40,D,D,D,D,
74,2022,KSS해운,44450,B+,B+,A,B+,
75,2022,KTcs,58850,A,B+,A,A,
76,2022,KTis,58860,B+,B+,B+,B+,
77,2022,KT서브마린,60370,C,D,D,B+,
78,2022,LF,93050,B,D,B,B+,
79,2022,LG,3550,A,B+,A+,A,
80,2022,LG디스플레이,34220,A,A,A,B+,
81,2022,LG생활건강,51900,A,A,A+,A,
82,2022,LG유플러스,32640,A,A,A+,A,"과태료등,시정명령"
83,2022,LG이노텍,11070,A,A,A+,A,
84,2022,LG전자,66570,A,A,A+,A,과징금
85,2022,LG헬로비전,37560,A,B,A,A,
86,2022,LG화학,51910,B,C,A,B+,
87,2022,LIG넥스원,79550,A,A,A+,A,
88,2022,LS,6260,C,B+,A,C,
89,2022,LS네트웍스,680,B,C,B+,B,
90,2022,LS전선아시아,229640,C,D,D,B,
91,2022,LX세미콘,108320,A,A,A+,B+,
92,2022,LX인터내셔널,1120,A,B+,A,A,
93,2022,LX하우시스,108670,A,B+,A,A,
94,2022,MH에탄올,23150,C,C,D,B,
95,2022,NAVER,35420,A,A,A,A,
96,2022,NHN한국사이버결제,60250,C,D,B,C,
97,2022,NH농협손해보험,839719,-,-,-,A,
98,2022,NH투자증권,5940,B+,A,A,B+,
99,2022,NICE,34310,B+,C,B+,B+,
100,2022,NICE평가정보,30190,B,B,B+,B,
101,2022,NI스틸,8260,D,D,D,C,
102,2022,OCI,10060,A,B+,A,A,
103,2022,POSCO홀딩스,5490,A,A,A,A+,
104,2022,RFHIC,218410,C,D,D,B,
105,2022,S-Oil,10950,A,B,A+,A+,
106,2022,SBS,34120,C,D,D,B+,
107,2022,SBS콘텐츠허브,46140,C,D,D,B,
108,2022,SFA반도체,36540,D,C,C,D,
109,2022,SGC에너지,5090,B+,B+,A,B+,
110,2022,SGC이테크건설,16250,B,B,B,B,
111,2022,SG글로벌,1380,D,D,D,D,
112,2022,SG세계물산,4060,D,D,D,D,
113,2022,SHD,1770,D,D,D,C,
114,2022,SH에너지화학,2360,C,C,D,B+,
115,2022,SIMPAC,9160,D,D,C,D,
116,2022,SK,34730,A+,A,A,A+,
117,2022,SKC,11790,A,B+,A+,A,
118,2022,SK가스,18670,A,A,A+,A,
119,2022,SK네트웍스,1740,A,A,A+,B+,
120,2022,SK디스커버리,6120,A,A,A+,B+,
121,2022,SK디앤디,210980,A,A,A,A,
122,2022,SK렌터카,68400,B+,A,A,B+,
123,2022,SK바이오사이언스,302440,A,A,A+,A,
124,2022,SK바이오팜,326030,A,B+,A,A,
125,2022,SK이노베이션,96770,A,B+,A+,A+,
126,2022,SK증권,1510,B+,C,B+,B+,
127,2022,SK케미칼,285130,A+,A+,A+,A,
128,2022,SK텔레콤,17670,A,A+,A+,A,
129,2022,SK하이닉스,660,B+,B+,A,B+,
130,2022,SNT모티브,64960,C,C,D,B,
131,2022,SNT에너지,100840,C,D,C,C,
132,2022,SNT중공업,3570,C,C,C,B,
133,2022,SNT홀딩스,36530,C,C,C,B,
134,2022,SPC삼립,5610,B,C,B+,B,
135,2022,STX,11810,C,D,C,C,
136,2022,STX엔진,77970,C,D,B,D,
137,2022,STX중공업,71970,C,D,B,B,
138,2022,SUN&L,2820,C,D,C,B,
139,2022,TCC스틸,2710,C,C,C,C,
140,2022,TYM,2900,B+,B,B+,B+,
141,2022,WISCOM,24070,C,D,D,B,
142,2022,YG PLUS,37270,D,D,D,D,
143,2022,가온전선,500,B,C,B+,B+,
144,2022,강남제비스코,860,C,C,B,B,
145,2022,강원랜드,35250,A,B+,A+,A,
146,2022,갤럭시아에스엠,11420,D,D,D,D,
147,2022,경남은행,192520,-,-,-,A,
148,2022,경농,2100,C,C,D,B,
149,2022,경동나비엔,9450,C,C,B,D,"과징금,시정명령"
150,2022,경동도시가스,267290,B,C,B+,B,
151,2022,경동인베스트,12320,C,C,B+,C,
152,2022,경방,50,D,C,D,D,
153,2022,경보제약,214390,B+,B,A,B+,
154,2022,경인양행,12610,C,B,B+,D,
155,2022,경인전자,9140,D,D,D,D,
156,2022,계룡건설산업,13580,C,B,B,C,
157,2022,계양전기,12200,C,C,B,D,
158,2022,고려산업,2140,D,D,D,D,
159,2022,고려아연,10130,B,B+,A,C,
160,2022,고려제강,2240,D,C,C,D,
161,2022,고영,98460,B,C,B+,B,
162,2022,골프존,215000,B+,B+,A,B,
163,2022,광동제약,9290,C,D,B,B,
164,2022,광명전기,17040,D,D,C,D,
165,2022,광전자,17900,D,D,D,C,
166,2022,광주신세계,37710,B+,B+,A,B+,
167,2022,광주은행,192530,-,-,-,B+,
168,2022,교보생명보험,811097,-,-,-,B+,
169,2022,교보증권,30610,B+,B+,B+,B+,
170,2022,교촌에프앤비,339770,C,D,C,B,
171,2022,국도화학,7690,D,C,D,D,
172,2022,국동,5320,D,D,C,D,
173,2022,국민은행,60000,-,-,-,A,
174,2022,국보,1140,D,D,D,D,
175,2022,국일제지,78130,C,C,C,B,
176,2022,국제약품,2720,C,D,C,B,
177,2022,그린케미칼,83420,D,D,D,D,
178,2022,극동유화,14530,D,D,C,D,
179,2022,금강공업,14280,C,D,D,B,
180,2022,금비,8870,D,D,D,D,
181,2022,금양,1570,D,D,D,C,
182,2022,금호건설,2990,C,C,B+,D,
183,2022,금호석유화학,11780,A,B+,A,A,
184,2022,금호에이치티,214330,D,D,D,D,
185,2022,금호전기,1210,D,D,C,D,
186,2022,금호타이어,73240,B+,B,A,B,
187,2022,기신정기,92440,D,D,D,D,
188,2022,기아,270,B+,A,A,B,
189,2022,기업은행,24110,A,A+,A+,B+,
190,2022,까뮤이앤씨,13700,C,D,D,B,
191,2022,깨끗한나라,4540,C,C,B,C,
192,2022,나노스,151910,D,D,D,D,
193,2022,나노엔텍,39860,D,D,D,D,
194,2022,나스미디어,89600,B+,B,B,B+,
195,2022,나우IB,293580,D,D,D,C,
196,2022,남광토건,1260,C,D,D,B,
197,2022,남선알미늄,8350,D,D,D,C,
198,2022,남성,4270,D,D,D,D,
199,2022,남양유업,3920,C,B,B+,D,
200,2022,남해화학,25860,C,C,C,C,
201,2022,네오위즈,95660,C,D,C,B,
202,2022,네이처셀,7390,D,D,D,D,
203,2022,네패스,33640,C,C,B+,D,
204,2022,넥센,5720,B+,B+,A,B,
205,2022,넥센타이어,2350,B+,B+,A,B,
206,2022,넵튠,217270,C,D,C,C,
207,2022,넷마블,251270,B,C,B+,B,
208,2022,노루페인트,90350,A,B+,A+,B+,
209,2022,노루홀딩스,320,A,B+,A+,B+,
210,2022,녹십자,6280,B+,B,A,B,
211,2022,녹십자홀딩스,5250,B+,B,A,B+,
212,2022,농심,4370,C,B,A,D,
213,2022,농심홀딩스,72710,C,B,B+,C,
214,2022,농우바이오,54050,D,D,D,D,
215,2022,농협금융지주,839683,-,-,-,A,
216,2022,농협생명보험,839723,-,-,-,A,
217,2022,농협은행,839742,-,-,-,A,
218,2022,다나와,119860,C,D,C,B,
219,2022,다날,64260,D,D,C,D,"고발,과징금,시정명령"
220,2022,다스코,58730,D,D,D,C,시정명령
221,2022,다올투자증권,30210,B+,B,B,B+,
222,2022,다우기술,23590,C,B+,A,C,
223,2022,다우데이타,32190,C,D,C,C,
224,2022,다원시스,68240,D,D,C,D,"과징금,시정명령"
225,2022,다이나믹디자인,145210,D,D,D,C,
226,2022,대교,19680,B,D,B+,B+,
227,2022,대구백화점,6370,C,D,D,B+,
228,2022,대구은행,5270,-,-,-,B+,
229,2022,대덕,8060,B+,B,A,B,
230,2022,대덕전자,353200,B+,B,A,B+,
231,2022,대동,490,D,C,C,D,
232,2022,대동전자,8110,C,D,D,B,
233,2022,대림비앤코,5750,D,D,D,C,
234,2022,대림통상,6570,D,D,D,D,
235,2022,대상,1680,B+,A,A+,B,
236,2022,대상홀딩스,84690,B+,A,A+,B,
237,2022,대성산업,128820,D,D,C,D,
238,2022,대성에너지,117580,C,D,B,C,
239,2022,대성홀딩스,16710,C,D,B,C,
240,2022,대신증권,3540,B+,B,B+,B+,
241,2022,대아티아이,45390,C,D,D,B,
242,2022,대양금속,9190,D,D,D,D,
243,2022,대영포장,14160,D,D,D,D,
244,2022,대우건설,47040,B+,B+,B+,B+,"경고,시정명령"
245,2022,대우부품,9320,D,D,D,D,
246,2022,대우조선해양,42660,B+,B,B+,B+,
247,2022,대웅,3090,B+,B,A,B,
248,2022,대웅제약,69620,B+,B,A,B,
249,2022,대원강업,430,C,C,D,C,
250,2022,대원전선,6340,D,D,D,D,
251,2022,대원제약,3220,B,D,B,B+,
252,2022,대원화성,24890,D,C,C,D,
253,2022,대유에이텍,2880,D,D,C,D,
254,2022,대유플러스,300,D,D,D,D,
255,2022,대주전자재료,78600,D,D,C,C,
256,2022,대창,12800,D,D,C,D,
257,2022,대창단조,15230,C,C,C,C,
258,2022,대한방직,1070,C,D,D,B,
259,2022,대한유화,6650,C,B,B,D,
260,2022,대한전선,1440,A,B+,A+,B+,
261,2022,대한제강,84010,D,D,D,C,"고발,과징금,시정명령"
262,2022,대한제당,1790,D,D,D,C,원안의결
263,2022,대한제분,1130,D,C,D,D,
264,2022,대한항공,3490,A,A,A,A,시정명령
265,2022,대한해운,5880,C,C,B+,C,
266,2022,대한화섬,3830,C,C,C,B,
267,2022,대현,16090,C,D,D,B+,
268,2022,대호에이엘,69460,D,C,D,D,
269,2022,더블유게임즈,192080,B,D,C,B+,
270,2022,더존비즈온,12510,D,D,C,D,
271,2022,덕산네오룩스,213420,D,D,C,C,
272,2022,덕성,4830,D,D,C,C,
273,2022,덕양산업,24900,D,D,C,D,
274,2022,데브시스터즈,194480,B,D,B,B+,
275,2022,덴티움,145720,D,D,C,D,
276,2022,도화엔지니어링,2150,C,D,C,C,
277,2022,동국제강,1230,B,B+,B,B,"고발,과징금,시정명령"
278,2022,동국제약,86450,C,D,B,C,
279,2022,동남합성,23450,C,D,D,B,
280,2022,동방,4140,D,C,C,D,"과징금,시정명령"
281,2022,동방,4140,D,C,C,D,"과징금,시정명령"
282,2022,동방,4140,D,C,C,D,원안의결
283,2022,동방아그로,7590,D,D,D,C,
284,2022,동부건설,5960,C,C,B+,C,
285,2022,동서,26960,D,C,C,D,
286,2022,동성제약,2210,C,D,D,B,
287,2022,동성케미컬,102260,B+,B+,A,B,
288,2022,동아쏘시오홀딩스,640,A,B,A,A,경고
289,2022,동아에스티,170900,A,B,A,A,
290,2022,동아지질,28100,D,D,D,D,
291,2022,동아타이어,282690,D,D,D,C,
292,2022,동양,1520,D,D,D,C,
293,2022,동양고속,84670,D,D,D,D,
294,2022,동양생명,82640,B,D,B,B+,
295,2022,동양철관,8970,D,D,D,D,
296,2022,동양피스톤,92780,C,D,B,D,
297,2022,동원F&B,49770,B,B,A,C,
298,2022,동원개발,13120,D,D,C,C,
299,2022,동원금속,18500,D,D,D,C,
300,2022,동원산업,6040,C,B,B+,C,
301,2022,동원수산,30720,D,D,D,D,
302,2022,동원시스템즈,14820,C,B,B+,D,
303,2022,동일고무벨트,163560,B,C,B+,B,
304,2022,동일산업,4890,C,C,D,B+,"과징금,시정명령"
305,2022,동일제강,2690,D,D,D,C,
306,2022,동진쎄미켐,5290,C,C,B+,D,
307,2022,동화기업,25900,D,C,C,D,
308,2022,동화약품,20,C,C,B+,C,
309,2022,두산,150,B+,B+,A,B,
310,2022,두산밥캣,241560,B+,B,A,B+,
311,2022,두산에너빌리티,34020,B,B+,A,C,
312,2022,두산퓨얼셀,336260,B+,B+,A+,B,
313,2022,두올,16740,D,D,C,C,
314,2022,드림어스컴퍼니,60570,C,D,C,B,
315,2022,드림텍,192650,D,D,D,C,
316,2022,디씨엠,24090,C,D,C,B,
317,2022,디아이,3160,D,D,C,D,
318,2022,디아이동일,1530,D,D,C,C,
319,2022,디아이씨,92200,D,D,C,D,
320,2022,디와이,13570,C,D,D,B+,
321,2022,디와이파워,210540,C,D,D,B,
322,2022,디티알오토모티브,7340,C,C,D,B,
323,2022,라이나생명보험,885673,-,-,-,B,
324,2022,락앤락,115390,B,B,B+,B,
325,2022,레고켐바이오,141080,C,D,C,B,
326,2022,로보스타,90360,C,D,C,C,
327,2022,롯데관광개발,32350,D,D,C,D,
328,2022,롯데손해보험,400,B+,B,B+,B+,
329,2022,롯데쇼핑,23530,A,A,A+,A,
330,2022,롯데정밀화학,4000,A,A,A+,A,
331,2022,롯데정보통신,286940,A,A,A,A,"경고,시정명령"
332,2022,롯데제과,280360,A,B,A,A,"고발,과징금,시정명령"
333,2022,롯데지주,4990,A,A,A+,B+,"고발,과징금,시정명령"
334,2022,롯데칠성음료,5300,B+,A,A,B,
335,2022,롯데카드,854231,-,-,-,B+,
336,2022,롯데캐피탈,855981,-,-,-,B,
337,2022,롯데케미칼,11170,A,B+,A+,A,
338,2022,롯데하이마트,71840,A,A,A+,A,
339,2022,리노공업,58470,C,D,D,B+,
340,2022,리더스 기술투자,19570,D,D,D,D,
341,2022,마니커,27740,D,D,D,D,인용
342,2022,마니커,27740,D,D,D,D,"고발,과징금,시정명령"
343,2022,마니커,27740,D,D,D,D,시정명령
344,2022,마니커,27740,D,D,D,D,인용
345,2022,마니커,27740,D,D,D,D,기타
346,2022,만도,204320,A,A,A,B+,
347,2022,만호제강,1080,C,D,C,B+,
348,2022,매일유업,267980,A,A,A,A,
349,2022,멀티캠퍼스,67280,B,D,B,B,
350,2022,메가스터디교육,215200,B,D,B,B,
351,2022,메드팩토,235980,D,D,D,C,
352,2022,메디톡스,86900,D,D,D,C,시정명령
353,2022,메리츠금융지주,138040,B,C,C,B+,
354,2022,메리츠증권,8560,B+,C,A,B+,
355,2022,메리츠캐피탈,867865,-,-,-,B,
356,2022,메리츠화재,60,B,C,B,B+,
357,2022,메이슨캐피탈,21880,D,D,D,D,
358,2022,메지온,140410,D,D,D,D,
359,2022,메타랩스,90370,D,D,D,D,
360,2022,메트라이프생명보험,832969,-,-,-,B,
361,2022,명문제약,17180,D,D,D,C,
362,2022,명신산업,9900,D,D,D,D,
363,2022,모나리자,12690,D,D,C,D,
364,2022,모나미,5360,D,D,D,D,
365,2022,모두투어,80160,C,D,C,B,
366,2022,모토닉,9680,B,C,B,B+,
367,2022,무림P&P,9580,B+,B,A,B+,
368,2022,무림페이퍼,9200,B,B,B+,B,
369,2022,무학,33920,C,D,C,B,
370,2022,문배철강,8420,D,D,D,C,
371,2022,미래산업,25560,D,D,D,D,
372,2022,미래아이앤지,7120,D,D,D,D,
373,2022,미래에셋생명,85620,B+,B,A,B+,
374,2022,미래에셋증권,6800,A,A,A+,B+,
375,2022,미래에셋캐피탈,840265,-,-,-,B+,
376,2022,미원상사,2840,C,C,D,C,
377,2022,미원에스씨,268280,C,C,C,B,
378,2022,미원홀딩스,107590,C,C,C,B,
379,2022,미원화학,134380,C,C,D,C,
380,2022,미창석유공업,3650,C,D,D,B,
381,2022,바이넥스,53030,D,D,D,D,
382,2022,바이오니아,64550,D,D,D,D,
383,2022,바텍,43150,D,D,D,D,
384,2022,박셀바이오,323990,D,D,D,C,
385,2022,방림,3610,D,D,D,C,
386,2022,백광산업,1340,D,C,D,D,
387,2022,백산,35150,D,D,D,D,
388,2022,범양건영,2410,D,D,C,D,경고인정
389,2022,벽산,7210,D,C,C,D,
390,2022,보락,2760,D,D,D,D,
391,2022,보령,3850,B+,B+,A,B,
392,2022,보해양조,890,D,D,D,C,
393,2022,부광약품,3000,C,D,D,B,
394,2022,부국증권,1270,C,D,C,B,
395,2022,부국철강,26940,D,D,D,D,
396,2022,부산산업,11390,C,D,D,B,
397,2022,부산은행,5280,-,-,-,B+,
398,2022,부산주공,5030,D,D,D,D,
399,2022,비덴트,121800,D,D,D,D,
400,2022,비비안,2070,D,D,D,D,
401,2022,비상교육,100220,B,D,B,B,
402,2022,비에이치,90460,C,C,B+,C,
403,2022,비케이탑스,30790,D,D,D,D,
404,2022,빙그레,5180,A,A,A,B+,"고발,과징금,시정명령"
405,2022,사람인에이치알,143240,C,D,C,B,
406,2022,사조대림,3960,C,B,B,D,
407,2022,사조동아원,8040,C,C,B+,C,
408,2022,사조산업,7160,C,C,B,D,
409,2022,사조씨푸드,14710,C,D,B,B,
410,2022,사조오양,6090,C,C,B,D,
411,2022,산은캐피탈,8270,-,-,-,B,
412,2022,삼강엠앤티,100090,D,C,C,D,
413,2022,삼부토건,1470,D,D,D,C,
414,2022,삼성SDI,6400,A,A,A+,B+,과징금
415,2022,삼성공조,6660,C,D,C,B,
416,2022,삼성물산,28260,A,A,A,A,
417,2022,삼성바이오로직스,207940,A,A,A+,A,
418,2022,삼성생명,32830,A,A,A+,B+,
419,2022,삼성에스디에스,18260,A,A,A+,A,
420,2022,삼성엔지니어링,28050,A,A,A+,B+,
421,2022,삼성전기,9150,A,A,A+,A,
422,2022,삼성전자,5930,A,A,A+,B+,
423,2022,삼성제약,1360,D,D,D,D,
424,2022,삼성중공업,10140,B+,B+,B+,B+,"시정명령,심사절차종료"
425,2022,삼성증권,16360,A,A,A+,B+,
426,2022,삼성출판사,68290,C,D,D,B+,
427,2022,삼성카드,29780,A,A,A+,A,
428,2022,삼성화재해상보험,810,A,A,A,A,"과징금,시정명령"
429,2022,삼아알미늄,6110,C,D,D,B,
430,2022,삼양사,145990,B+,B+,A,B,
431,2022,삼양식품,3230,B+,A,A+,B,
432,2022,삼양통상,2170,C,D,D,B,
433,2022,삼양패키징,272550,B,C,B+,B,
434,2022,삼양홀딩스,70,B+,B+,A,B,원안의결
435,2022,삼영무역,2810,B,D,C,B+,
436,2022,삼영전자공업,5680,C,C,D,C,
437,2022,삼영화학공업,3720,C,C,D,C,
438,2022,삼원강재,23000,C,C,D,C,
439,2022,삼익THK,4380,C,C,C,C,
440,2022,삼익악기,2450,D,C,D,D,
441,2022,삼일씨엔에스,4440,D,D,D,D,
442,2022,삼일제약,520,D,D,D,C,
443,2022,삼정펄프,9770,D,D,C,D,
444,2022,삼진제약,5500,D,D,D,D,
445,2022,삼천당제약,250,D,D,D,C,
446,2022,삼천리,4690,C,C,B+,C,
447,2022,삼표시멘트,38500,C,B,B,C,
448,2022,삼호개발,10960,B,C,B+,B,
449,2022,삼화왕관,4450,D,D,D,D,
450,2022,삼화전기,9470,D,D,D,D,
451,2022,삼화전자공업,11230,D,D,D,D,
452,2022,삼화콘덴서공업,1820,D,D,C,D,
453,2022,삼화페인트공업,390,B,C,B+,B+,
454,2022,상상인,38540,D,D,D,D,
455,2022,상상인증권,1290,D,D,C,D,
456,2022,상신브레이크,41650,D,D,C,C,
457,2022,상아프론테크,89980,C,C,B+,C,
458,2022,새론오토모티브,75180,D,D,C,C,
459,2022,샘표,7540,C,D,C,C,"과징금,시정명령"
460,2022,샘표식품,248170,C,D,C,C,
461,2022,서부T&D,6730,D,D,D,C,
462,2022,서연,7860,B+,B,A,B,
463,2022,서연이화,200880,B+,B,A,B+,
464,2022,서울도시가스,17390,C,D,B,C,
465,2022,서울바이오시스,92190,D,D,C,C,
466,2022,서울반도체,46890,B,D,B+,B+,
467,2022,서울보증보험,813002,-,-,-,B,
468,2022,서울식품공업,4410,D,D,D,D,
469,2022,서원,21050,C,C,D,C,
470,2022,서진시스템,178320,D,D,D,D,
471,2022,서흥,8490,B,C,B,B+,
472,2022,선도전기,7610,D,D,D,D,
473,2022,선진,136490,C,C,B+,C,"과징금,시정명령"
474,2022,성문전자,14910,D,D,C,D,
475,2022,성보화학,3080,D,D,C,C,
476,2022,성신양회,4980,C,C,B,C,"과징금,시정명령"
477,2022,성안,11300,C,D,D,B,
478,2022,성우하이텍,15750,D,D,C,D,
479,2022,성창기업지주,180,D,D,D,D,
480,2022,세기상사,2420,D,D,D,D,
481,2022,세방,4360,C,C,C,B,"과징금,시정명령"
482,2022,세방전지,4490,C,B,C,C,"과징금,시정명령"
483,2022,세아베스틸지주,1430,C,C,B,B,
484,2022,세아제강,306200,B+,B,B+,B+,
485,2022,세아제강지주,3030,B,B,B+,B,
486,2022,세아특수강,19440,B+,C,B+,A,
487,2022,세아홀딩스,58650,C,C,B+,C,
488,2022,세우글로벌,13000,D,D,D,D,
489,2022,세원이앤씨,91090,D,D,C,D,
490,2022,세원정공,21820,D,D,C,D,
491,2022,세이브존I&C,67830,C,D,C,C,
492,2022,세종공업,33530,C,D,B,D,
493,2022,세진중공업,75580,D,D,D,C,"고발,과징금,시정명령"
494,2022,세진중공업,75580,D,D,D,C,"고발,과징금,시정명령,심사절차종료"
495,2022,세하,27970,D,D,C,D,
496,2022,센트랄모텍,308170,B,D,B,B+,
497,2022,센트럴인사이트,12600,D,D,D,D,"과징금,시정명령"
498,2022,셀리드,299660,D,D,D,D,
499,2022,셀리버리,268600,C,D,D,B,
500,2022,셀트리온,68270,B,C,B+,B,
501,2022,셀트리온제약,68760,D,D,C,D,
502,2022,셀트리온헬스케어,91990,B,D,B,B,
503,2022,솔루스첨단소재,336370,C,D,C,B,
504,2022,솔브레인,357780,C,C,B+,C,
505,2022,솔브레인홀딩스,36830,C,C,B+,C,
506,2022,송원산업,4430,D,C,C,D,
507,2022,수산중공업,17550,D,D,D,C,
508,2022,스튜디오드래곤,253450,C,C,B,C,
509,2022,시그네틱스,33170,D,C,D,D,
510,2022,시디즈,134790,C,D,C,C,
511,2022,신대양제지,16590,D,D,C,D,
512,2022,신도리코,29530,C,C,D,B+,
513,2022,신라교역,4970,D,D,D,C,
514,2022,신성이엔지,11930,D,D,C,C,"시정명령,심사절차종료"
515,2022,신성이엔지,11930,D,D,C,C,"시정명령,심사절차종료"
516,2022,신성통상,5390,D,D,D,D,
517,2022,신세계,4170,A,A,A+,B+,
518,2022,신세계I&C,35510,B+,B+,A,B+,
519,2022,신세계건설,34300,B+,B,A,B+,
520,2022,신세계인터내셔날,31430,B+,C,B+,B+,
521,2022,신세계푸드,31440,B,C,B+,B+,
522,2022,신송홀딩스,6880,D,D,D,C,
523,2022,신영와코루,5800,D,D,D,D,
524,2022,신영증권,1720,B+,C,B+,B+,
525,2022,신원,9270,D,D,C,C,
526,2022,신일전자,2700,D,D,D,D,
527,2022,신풍제약,19170,C,D,C,C,
528,2022,신풍제지,2870,D,D,D,C,
529,2022,신한라이프생명보험,828992,-,-,-,A,
530,2022,신한은행,10,-,-,-,B+,
531,2022,신한지주,55550,A+,A+,A+,A+,
532,2022,신한카드,32710,-,-,-,A,
533,2022,신한캐피탈,811323,-,-,-,B+,
534,2022,신한투자증권,8670,-,-,-,A,
535,2022,신화인터텍,56700,D,D,D,C,
536,2022,신흥,4080,D,D,C,D,"과징금,시정명령"
537,2022,신흥,4080,D,D,C,D,원안의결
538,2022,심텍,222800,C,C,B,D,
539,2022,쌍방울,102280,D,D,C,D,
540,2022,쌍용씨앤이,3410,B+,B+,B,B+,
541,2022,써니전자,4770,D,D,D,C,
542,2022,쎌마테라퓨틱스,15540,D,D,D,D,
543,2022,씨아이에스,222080,D,D,D,C,
544,2022,씨아이테크,4920,D,D,D,D,
545,2022,씨에스윈드,112610,C,C,B,C,
546,2022,씨젠,96530,C,B,B+,D,
547,2022,아난티,25980,C,C,B,D,
548,2022,아남전자,8700,D,D,C,D,
549,2022,아모레퍼시픽,90430,A,A,A+,A,
550,2022,아모레퍼시픽그룹,2790,A,A,A+,B+,
551,2022,아미코젠,92040,C,C,B+,C,
552,2022,아세아,2030,B+,B,B+,B+,
553,2022,아세아시멘트,183190,C,B,B+,C,
554,2022,아세아제지,2310,C,C,B+,D,
555,2022,아센디오,12170,D,D,D,D,
556,2022,아시아나IDT,267850,C,D,C,C,
557,2022,아시아나항공,20560,B,B+,A,C,시정명령
558,2022,아이마켓코리아,122900,C,D,B+,C,
559,2022,아이비케이연금보험,829322,-,-,-,B,
560,2022,아이비케이캐피탈,828519,-,-,-,B+,
561,2022,아이에스동서,10780,B+,B,A,B+,
562,2022,아이에이치큐,3560,D,D,D,D,
563,2022,아이티엠반도체,84850,B,C,B+,B,
564,2022,아주IB투자,27360,B,C,B+,B,
565,2022,아프리카TV,67160,C,C,B+,D,
566,2022,안랩,53800,B+,B+,A,B+,
567,2022,알루코,1780,D,D,C,D,
568,2022,알서포트,131370,D,D,C,D,
569,2022,알테오젠,196170,C,D,C,B+,
570,2022,압타바이오,293780,D,D,D,C,
571,2022,애경산업,18250,A,B+,A+,B+,"고발,과징금,법위반공표,시정명령"
572,2022,애경케미칼,161000,B+,B+,A,B+,
573,2022,에넥스,11090,C,D,C,C,
574,2022,에스앤에스텍,101490,C,D,D,B,
575,2022,에스에프에이,56190,C,D,C,B,
576,2022,에스엘,5850,B+,B,B+,B+,
577,2022,에스엠,41510,C,D,B,D,
578,2022,에스엠벡셀,10580,D,D,D,D,
579,2022,에스엠코어,7820,C,D,D,B,
580,2022,에스원,12750,B+,B+,A,B,
581,2022,에스제이엠,123700,D,D,C,C,
582,2022,에스제이엠홀딩스,25530,C,D,C,C,
583,2022,에스티팜,237690,B+,B,B+,A,
584,2022,에쓰씨엔지니어링,23960,D,D,D,D,
585,2022,에어부산,298690,D,C,C,D,시정명령
586,2022,에이블씨엔씨,78520,B,D,B,B,
587,2022,에이비엘바이오,298380,C,D,D,B+,
588,2022,에이비엘생명보험,804337,-,-,-,B+,
589,2022,에이스침대,3800,C,D,C,B,
590,2022,에이스테크,88800,D,D,C,C,
591,2022,에이아이에이생명보험,801688,-,-,-,B,
592,2022,에이엔피,15260,D,D,D,D,
593,2022,에이프로젠 MED,7460,D,D,D,D,
594,2022,에이프로젠제약,3060,D,D,D,D,
595,2022,에이플러스에셋,244920,D,D,D,C,
596,2022,에이피티씨,89970,C,D,D,B+,
597,2022,에코마케팅,230360,C,D,D,B,
598,2022,에코프로,86520,C,C,B,D,
599,2022,에코프로비엠,247540,B,C,B+,B,
600,2022,에프에스티,36810,D,D,D,D,
601,2022,엑세스바이오,950130,D,D,D,D,
602,2022,엔씨소프트,36570,A,B+,A,A,
603,2022,엔에이치농협캐피탈,806955,-,-,-,A,
604,2022,엔에이치엔,181710,A,B+,A,A,
605,2022,엔지켐생명과학,183490,D,D,D,D,
606,2022,엔케이,85310,D,D,D,D,
607,2022,엔피씨,4250,D,D,C,D,
608,2022,엘브이엠씨,900140,D,D,D,C,
609,2022,엘비세미콘,61970,D,C,C,D,
610,2022,엘앤씨바이오,290650,C,D,D,B+,
611,2022,엘앤에프,66970,C,D,B,C,
612,2022,엘에스일렉트릭,10120,A,B+,A,A,"과징금,시정명령"
613,2022,엠투엔,33310,D,D,D,D,
614,2022,영보화학,14440,D,C,C,D,
615,2022,영원무역,111770,B+,C,B+,B+,
616,2022,영원무역홀딩스,9970,C,C,B+,C,
617,2022,영진약품,3520,B+,B+,B+,B,
618,2022,영풍,670,B,C,B+,B,
619,2022,영풍정밀,36560,B,C,B,B+,
620,2022,영풍제지,6740,D,C,D,D,
621,2022,영화금속,12280,D,D,D,C,
622,2022,영흥,12160,C,D,D,B,
623,2022,예스코홀딩스,15360,B,C,B,B,
624,2022,오뚜기,7310,C,C,B+,C,
625,2022,오리엔트바이오,2630,D,D,D,D,
626,2022,오리온,271560,A,B+,A,A,
627,2022,오리온홀딩스,1800,A,B+,A,A,
628,2022,오리콤,10470,C,D,C,C,
629,2022,오스코텍,39200,D,D,D,D,
630,2022,오스템임플란트,48260,D,D,D,D,
631,2022,오이솔루션,138080,C,D,D,B,
632,2022,오하임아이엔티,309930,D,D,D,C,
633,2022,와이즈버즈,273060,D,D,D,C,
634,2022,와이지엔터테인먼트,122870,C,C,B+,D,
635,2022,와이투솔루션,11690,D,D,D,C,
636,2022,용평리조트,70960,D,C,D,D,
637,2022,우리금융지주,316140,A,A,A+,B+,경고
638,2022,우리금융캐피탈,33660,-,-,-,B,
639,2022,우리기술투자,41190,D,D,D,D,
640,2022,우리은행,30,-,-,-,B+,
641,2022,우리종합금융,10050,B,C,B,B+,
642,2022,우리카드,879070,-,-,-,B+,
643,2022,우성,6980,C,D,C,B,
644,2022,우신시스템,17370,D,D,D,C,
645,2022,우진,105840,C,D,C,B,
646,2022,우진아이엔에스,10400,C,D,D,B,
647,2022,우진플라임,49800,D,D,D,D,
648,2022,웅진,16880,C,C,B+,C,
649,2022,웅진씽크빅,95720,B+,C,B+,B+,
650,2022,원림,5820,D,D,D,C,
651,2022,원익IPS,240810,B,C,B+,B,
652,2022,원익QnC,74600,D,D,C,C,
653,2022,원익머트리얼즈,104830,C,C,B,B,
654,2022,원익홀딩스,30530,C,C,B,D,
655,2022,웰바이오텍,10600,D,D,D,D,
656,2022,웹젠,69080,C,D,C,C,
657,2022,위메이드,112040,C,B,B+,C,
658,2022,윌비스,8600,D,D,D,C,
659,2022,유나이티드,33270,B,C,C,B+,
660,2022,유니드,14830,B,C,B+,B,
661,2022,유니슨,18000,D,D,D,C,
662,2022,유니온,910,C,C,C,B,
663,2022,유니온머티리얼,47400,D,D,D,C,
664,2022,유니켐,11330,D,D,D,D,
665,2022,유니퀘스트,77500,D,D,D,D,
666,2022,유바이오로직스,206650,D,D,D,D,
667,2022,유성기업,2920,C,C,C,C,
668,2022,유수홀딩스,700,B+,B,B+,B+,
669,2022,유안타증권,3470,C,D,C,B,
670,2022,유엔젤,72130,D,D,D,D,
671,2022,유유제약,220,C,D,B,D,
672,2022,유진기업,23410,D,D,C,D,"과징금,시정명령"
673,2022,유진증권,1200,B,C,B+,B,
674,2022,유진테크,84370,D,D,C,C,
675,2022,유한양행,100,B+,B,A,B+,
676,2022,유화증권,3460,D,D,D,C,
677,2022,율촌화학,8730,C,C,C,C,
678,2022,이건산업,8250,D,D,C,D,
679,2022,이구산업,25820,C,C,C,C,
680,2022,이노션,214320,B+,B,A,B+,
681,2022,이녹스첨단소재,272290,C,C,C,C,
682,2022,이니텍,53350,B,C,B+,B,
683,2022,이마트,139480,A,A+,A,B+,
684,2022,이베스트투자증권,78020,C,D,C,B,
685,2022,이수페타시스,7660,C,B,B+,D,
686,2022,이수화학,5950,C,B,B+,D,
687,2022,이스타코,15020,D,D,D,C,
688,2022,이아이디,93230,D,D,D,D,
689,2022,이엔에프테크놀로지,102710,D,D,C,D,
690,2022,이엔플러스,74610,D,D,C,D,
691,2022,이연제약,102460,C,D,D,B+,
692,2022,이오테크닉스,39030,D,D,D,C,
693,2022,이월드,84680,D,D,C,D,
694,2022,이화산업,760,D,D,D,D,
695,2022,인디에프,14990,D,D,D,C,
696,2022,인바이오젠,101140,D,D,D,D,
697,2022,인선이엔티,60150,D,C,C,D,
698,2022,인스코비,6490,D,D,D,D,
699,2022,인지컨트롤스,23800,D,D,C,D,
700,2022,인천도시가스,34590,C,D,B,B,
701,2022,인크로스,216050,C,D,C,B,
702,2022,인탑스,49070,B,C,B+,B+,
703,2022,인터지스,129260,C,C,B,C,
704,2022,인터파크,35080,C,D,C,B,시정명령
705,2022,인터플렉스,51370,D,C,D,D,
706,2022,인트론바이오,48530,C,D,D,B,
707,2022,인팩,23810,C,D,C,B,
708,2022,일동제약,249420,B,C,A+,B,시정명령
709,2022,일동홀딩스,230,B+,C,A+,B+,
710,2022,일성건설,13360,D,D,D,C,
711,2022,일성신약,3120,D,D,D,D,
712,2022,일신방직,3200,D,C,C,D,
713,2022,일신석재,7110,D,D,D,C,
714,2022,일양약품,7570,C,D,C,B+,
715,2022,일정실업,8500,D,D,D,C,
716,2022,일진다이아,81000,D,D,D,C,
717,2022,일진디스플,20760,D,D,D,C,
718,2022,일진머티리얼즈,20150,D,D,D,D,
719,2022,일진전기,103590,D,D,C,D,
720,2022,일진홀딩스,15860,C,D,C,B,
721,2022,잇츠한불,226320,C,D,C,B,
722,2022,자이에스앤디,317400,B,C,B+,B+,
723,2022,자화전자,33240,D,D,C,C,
724,2022,전방,950,D,C,C,D,
725,2022,전북은행,6350,-,-,-,B+,
726,2022,제넥신,95700,D,D,C,D,
727,2022,제이비우리캐피탈,818905,-,-,-,B+,
728,2022,제이앤티씨,204270,D,D,D,D,
729,2022,제이에스코퍼레이션,194370,C,D,D,B,
730,2022,제이준코스메틱,25620,D,D,D,C,
731,2022,제일기획,30000,A,B+,A,A,
732,2022,제일약품,271980,D,D,D,D,
733,2022,제일연마,1560,C,D,D,B+,
734,2022,제일파마홀딩스,2620,D,D,D,D,"고발,시정명령"
735,2022,제주은행,6220,B+,A,A,B+,
736,2022,제주항공,89590,B,C,B+,B+,
737,2022,젬백스,82270,D,D,D,D,
738,2022,조광페인트,4910,C,C,C,C,
739,2022,조광피혁,4700,C,D,D,B,
740,2022,조비,1550,D,D,D,D,
741,2022,조선내화,480,D,C,C,D,
742,2022,조선선재,120030,D,D,D,C,
743,2022,조일알미늄,18470,C,C,C,B,
744,2022,조흥,2600,C,C,C,C,
745,2022,종근당,185750,B+,B+,A,B,
746,2022,종근당바이오,63160,B+,B,A,B,
747,2022,종근당홀딩스,1630,B+,B+,A,B,
748,2022,주성엔지니어링,36930,C,C,B,C,
749,2022,주연테크,44380,D,D,D,D,
750,2022,지누스,13890,B+,B,B+,A,
751,2022,지니뮤직,43610,C,C,B,C,
752,2022,지씨셀,144510,B+,B,A,B+,
753,2022,지엠비코리아,13870,D,D,C,D,
754,2022,지역난방공사,71320,A+,A,A+,A+,
755,2022,지투알,35000,B,D,B,B+,
756,2022,진도,88790,D,D,D,C,
757,2022,진양산업,3780,D,D,D,D,
758,2022,진양폴리우레탄,10640,D,D,D,C,
759,2022,진양홀딩스,100250,D,D,D,D,
760,2022,진양화학,51630,D,D,D,C,
761,2022,진에어,272450,B+,B,B+,A,시정명령
762,2022,진원생명과학,11000,D,D,D,D,
763,2022,진흥기업,2780,C,D,C,B,
764,2022,차바이오텍,85660,D,D,D,C,
765,2022,참엔지니어링,9310,C,D,C,B,
766,2022,천보,278280,D,D,D,C,
767,2022,천일고속,650,D,D,D,D,
768,2022,체시스,33250,D,D,D,C,
769,2022,초록뱀헬스케어,118000,D,D,D,D,
770,2022,카카오,35720,A,A,A,A,시정명령
771,2022,카카오게임즈,293490,B,D,B+,B,
772,2022,카카오뱅크,323410,-,-,-,B+,
773,2022,카페24,42000,C,D,D,B,
774,2022,카프로,6380,C,C,D,C,
775,2022,컨버즈,109070,D,D,D,C,
776,2022,컴투스,78340,D,C,C,D,
777,2022,케어젠,214370,C,D,D,B+,
778,2022,케이디비생명보험,807958,-,-,-,B,
779,2022,케이뱅크,800172,-,-,-,A,
780,2022,케이비국민카드,861717,-,-,-,A,
781,2022,케이비생명보험,805087,-,-,-,B+,
782,2022,케이비아이동국실업,1620,D,D,D,D,입찰참가자격제한요청
783,2022,케이비증권,3450,-,-,-,A,
784,2022,케이씨,29460,C,D,B,C,
785,2022,케이씨씨,2380,A,B+,A,A,
786,2022,케이씨씨글라스,344820,B+,B+,A,B+,
787,2022,케이씨텍,281820,C,D,C,B,
788,2022,케이씨티시,9070,D,D,C,D,
789,2022,케이엠더블유,32500,D,D,C,C,
790,2022,케이티,30200,A,A,A,A,시정명령
791,2022,케이티,30200,A,A,A,A,인용
792,2022,케이티스카이라이프,53210,A,B,A+,A,
793,2022,케이티알파,36030,B+,B,B+,B+,
794,2022,케이티앤지,33780,A,A,A+,A,
795,2022,코나아이,52400,D,D,D,D,과징금
796,2022,코리아센터,290510,C,D,C,B,
797,2022,코리아써키트,7810,D,C,D,D,
798,2022,코리아에셋투자증권,190650,C,D,C,C,
799,2022,코리안리,3690,B+,C,B+,B+,
800,2022,코미코,183300,C,C,B,C,
801,2022,코미팜,41960,D,D,D,C,
802,2022,코스맥스,192820,B,B+,A,C,
803,2022,코스맥스비티아이,44820,B+,B+,A,B,
804,2022,코스모신소재,5070,D,C,C,D,
805,2022,코스모화학,5420,D,C,D,D,
806,2022,코아스,71950,C,D,D,B+,
807,2022,코엔텍,29960,D,C,D,D,
808,2022,코오롱,2020,C,C,A,C,
809,2022,코오롱글로벌,3070,C,D,C,B+,
810,2022,코오롱생명과학,102940,C,D,C,B,
811,2022,코오롱인더,120110,B+,B,A,A,
812,2022,코오롱플라스틱,138490,B,C,B,B+,
813,2022,코웨이,21240,B+,A,A,B,
814,2022,코웰패션,33290,D,D,D,D,
815,2022,콘텐트리중앙,36420,D,D,C,D,
816,2022,콜마비앤에이치,200130,B+,B,B+,B+,
817,2022,콤텍시스템,31820,D,D,D,D,
818,2022,쿠쿠홀딩스,192400,C,D,D,B,
819,2022,쿠쿠홈시스,284740,C,D,D,B,
820,2022,큐로,15590,D,D,C,D,
821,2022,큐캐피탈,16600,D,D,D,D,
822,2022,크라운제과,264900,C,C,B,C,
823,2022,크라운해태홀딩스,5740,C,C,B,C,경고
824,2022,클래시스,214150,B+,C,B+,A,
825,2022,키다리스튜디오,20120,D,D,D,C,
826,2022,키움증권,39490,B,B,C,B,
827,2022,태경비케이,14580,D,C,C,D,
828,2022,태경산업,15890,C,C,C,C,
829,2022,태경케미컬,6890,D,D,C,D,"과징금,시정명령"
830,2022,태광산업,3240,D,D,C,C,
831,2022,태림포장,11280,C,C,B+,C,
832,2022,태양금속공업,4100,D,D,D,D,
833,2022,태영건설,9410,B+,B+,B,B+,
834,2022,태원물산,1420,D,D,D,D,
835,2022,태평양물산,7980,C,D,B,D,
836,2022,테스,95610,C,D,B,C,
837,2022,테스나,131970,D,D,C,D,
838,2022,테이팩스,55490,B+,B,A,B,
839,2022,텔코웨어,78000,D,D,D,C,
840,2022,토니모리,214420,C,D,D,B+,
841,2022,톱텍,108230,D,D,C,C,
842,2022,티비에이치글로벌,84870,D,D,D,C,
843,2022,티씨케이,64760,D,D,C,C,
844,2022,티에스이,131290,C,D,C,B,
845,2022,티에이치엔,19180,D,D,C,D,
846,2022,티와이홀딩스,363280,B+,B+,B,B+,
847,2022,티웨이항공,91810,C,D,C,B,
848,2022,티웨이홀딩스,4870,D,D,C,D,
849,2022,티케이지휴켐스,69260,B,B,B+,B,
850,2022,티케이케미칼,104480,D,C,C,D,
851,2022,파라다이스,34230,C,D,C,C,
852,2022,파마리서치,214450,C,D,D,B+,
853,2022,파미셀,5690,D,D,D,D,
854,2022,파크시스템스,140860,D,D,D,C,
855,2022,파트론,91700,D,D,D,C,
856,2022,팜스코,36580,B,B,A,C,"과징금,시정명령"
857,2022,팜젠사이언스,4720,D,D,D,D,
858,2022,팬오션,28670,B,A,B+,C,"과징금,시정명령"
859,2022,팬오션,28670,B,A,B+,C,시정명령
860,2022,퍼스텍,10820,D,D,D,C,
861,2022,퍼시스,16800,D,D,C,D,
862,2022,펄어비스,263750,B,C,B+,B,
863,2022,페이퍼코리아,1020,D,C,D,D,
864,2022,평화산업,90080,C,D,C,B,
865,2022,평화홀딩스,10770,C,D,D,B+,
866,2022,포스코 ICT,22100,A,B+,A+,B+,
867,2022,포스코스틸리온,58430,A,B+,A+,B+,
868,2022,포스코엠텍,9520,B+,B+,A,B,
869,2022,포스코인터내셔널,47050,A,B+,A+,A,
870,2022,포스코케미칼,3670,B+,B+,A,B,
871,2022,푸르덴셜생명보험,839185,-,-,-,A,
872,2022,푸본현대생명보험,860086,-,-,-,B,
873,2022,풀무원,17810,A,B+,A+,A,
874,2022,풍산,103140,B,C,B+,B+,
875,2022,풍산홀딩스,5810,B,C,B+,B+,
876,2022,플레이그램,9810,D,D,D,D,
877,2022,플레이디,237820,B,D,B,B+,
878,2022,피에스케이,319660,C,D,C,B,
879,2022,피엔티,137400,C,D,C,B,
880,2022,하나금융지주,86790,A,A+,A+,A,
881,2022,하나마이크론,67310,C,C,B,C,
882,2022,하나머티리얼즈,166090,D,D,C,C,
883,2022,하나생명보험,800845,-,-,-,B,
884,2022,하나은행,4940,-,-,-,B+,
885,2022,하나제약,293480,C,D,C,B,
886,2022,하나증권,805992,-,-,-,B+,
887,2022,하나카드,856659,-,-,-,B,
888,2022,하나캐피탈,809337,-,-,-,B+,
889,2022,하나투어,39130,B+,B+,B+,B+,
890,2022,하림,136480,B,C,B,B,"고발,과징금,시정명령"
891,2022,하림,136480,B,C,B,B,"과징금,시정명령"
892,2022,하림,136480,B,C,B,B,기타
893,2022,하림지주,3380,C,B+,B+,C,"과징금,시정명령"
894,2022,하림지주,3380,C,B+,B+,C,"과징금,시정명령"
895,2022,하림지주,3380,C,B+,B+,C,인용
896,2022,하림지주,3380,C,B+,B+,C,기타
897,2022,하이브,352820,C,D,D,B,
898,2022,하이스틸,71090,C,D,C,B,
899,2022,하이투자증권,814270,-,-,-,B+,
900,2022,하이트론씨스템즈,19490,D,D,D,D,
901,2022,하이트진로,80,B,B,B+,B,
902,2022,하이트진로홀딩스,140,B,B,B+,B,
903,2022,한국가스공사,36460,B+,B+,A,B+,
904,2022,한국공항,5430,C,C,B+,C,
905,2022,한국금융지주,71050,B,D,B+,B+,
906,2022,한국내화,10040,C,C,B+,D,"과징금,시정명령"
907,2022,한국단자공업,25540,D,D,C,C,
908,2022,한국비엔씨,256840,D,D,D,C,
909,2022,한국석유공업,4090,B,D,B,B+,
910,2022,한국수출포장공업,2200,D,C,D,D,
911,2022,한국쉘석유,2960,C,C,C,B,
912,2022,한국스탠다드차타드은행,110,-,-,-,A+,
913,2022,한국씨티은행,16830,-,-,-,B,
914,2022,한국앤컴퍼니,240,B,C,B,B+,
915,2022,한국자산신탁,123890,C,C,D,B,
916,2022,한국전력공사,15760,B,B,B,B+,
917,2022,한국전자홀딩스,6200,D,C,D,D,
918,2022,한국정보인증,53300,C,D,C,C,
919,2022,한국조선해양,9540,B+,B+,A,B+,
920,2022,한국종합기술,23350,C,D,C,B,
921,2022,한국주강,25890,D,D,D,D,
922,2022,한국주철관공업,970,D,C,C,D,
923,2022,한국철강,104700,C,C,D,B,"고발,과징금,시정명령"
924,2022,한국카본,17960,C,B+,A,D,
925,2022,한국캐피탈,23760,D,D,D,C,
926,2022,한국콜마,161890,B+,B+,B+,B+,
927,2022,한국콜마홀딩스,24720,B+,B+,B+,B+,
928,2022,한국타이어앤테크놀로지,161390,B+,B+,A,B,
929,2022,한국토지신탁,34830,C,D,C,C,
930,2022,한국투자증권,804504,-,-,-,B,
931,2022,한국특강,7280,D,C,C,D,
932,2022,한국프랜지공업,10100,D,D,C,C,
933,2022,한국항공우주,47810,B,B,A,C,
934,2022,한국화장품,123690,C,D,C,C,
935,2022,한국화장품제조,3350,D,D,C,C,
936,2022,한농화성,11500,D,D,D,D,
937,2022,한독,2390,B+,B,A,B+,
938,2022,한미글로벌,53690,B+,B+,A,B+,
939,2022,한미반도체,42700,C,D,D,B,
940,2022,한미사이언스,8930,B+,B,A+,B,
941,2022,한미약품,128940,B+,B,A+,B,
942,2022,한샘,9240,A,B+,A,A,
943,2022,한섬,20000,B+,A,A,B,
944,2022,한성기업,3680,D,D,D,D,
945,2022,한세실업,105630,C,C,B+,C,
946,2022,한세엠케이,69640,C,C,B,C,
947,2022,한세예스24홀딩스,16450,B+,C,B+,B+,
948,2022,한솔로지스틱스,9180,B+,C,A,B+,
949,2022,한솔제지,213500,B+,B+,A,B+,
950,2022,한솔케미칼,14680,B,C,B+,B+,
951,2022,한솔테크닉스,4710,B+,B,A,B+,
952,2022,한솔피엔에스,10420,B,C,B,B+,
953,2022,한솔홀딩스,4150,A,B+,A,A,
954,2022,한솔홈데코,25750,B,C,B,B+,
955,2022,한신공영,4960,D,D,C,D,
956,2022,한신기계공업,11700,D,D,D,D,
957,2022,한양증권,1750,D,D,D,C,
958,2022,한온시스템,18880,B,B+,A,C,
959,2022,한올바이오파마,9420,C,D,C,C,
960,2022,한익스프레스,14130,D,D,C,D,
961,2022,한일시멘트,300720,C,B+,A,D,
962,2022,한일철강,2220,D,D,D,D,
963,2022,한일현대시멘트,6390,B+,B+,B+,B,
964,2022,한일홀딩스,3300,C,B+,A,D,
965,2022,한전KPS,51600,A,B+,A,A,
966,2022,한전기술,52690,B+,B,B+,B+,
967,2022,한전산업,130660,C,C,B,C,
968,2022,한진,2320,B+,B+,A,B+,"과징금,시정명령"
969,2022,한진중공업홀딩스,3480,C,D,D,B+,
970,2022,한진칼,180640,A,A,A,A,
971,2022,한창,5110,D,D,D,D,
972,2022,한창제지,9460,C,C,C,B,
973,2022,한화,880,A,A,A+,A,
974,2022,한화생명,88350,A,A,A+,B+,
975,2022,한화손해보험,370,A,A,A,A,"과징금,시정명령"
976,2022,한화솔루션,9830,B,A,A,C,
977,2022,한화시스템,272210,A,B+,A+,A,
978,2022,한화에어로스페이스,12450,B+,B+,A,B,
979,2022,한화투자증권,3530,B+,B+,A,B+,
980,2022,해성디에스,195870,B+,B+,A,B+,
981,2022,해태제과식품,101530,C,D,B,C,"고발,과징금,시정명령"
982,2022,핸즈코퍼레이션,143210,C,C,B,D,
983,2022,헬릭스미스,84990,D,D,D,D,
984,2022,현대건설,720,A,A,A,B+,
985,2022,현대건설기계,267270,A,B+,A,A,인용
986,2022,현대그린푸드,5440,A,A,A,A,
987,2022,현대글로비스,86280,A,A,A+,A,
988,2022,현대두산인프라코어,42670,B+,B+,A,B+,
989,2022,현대로템,64350,A,A,A+,A,"고발,과징금,시정명령"
990,2022,현대리바트,79430,A,A,A,A,
991,2022,현대모비스,12330,A,A,A+,B+,
992,2022,현대미포조선,10620,B+,B+,A,B+,
993,2022,현대바이오,48410,D,D,D,C,
994,2022,현대바이오랜드,52260,A,B+,A,A,
995,2022,현대백화점,69960,A,A,A,A,
996,2022,현대비앤지스틸,4560,C,B+,B+,D,
997,2022,현대약품,4310,D,D,C,D,
998,2022,현대에너지솔루션,322000,A,A,A+,B+,
999,2022,현대에버다임,41440,A,B,A,A,
1000,2022,현대엘리베이터,17800,B,C,B,B,
1001,2022,현대오토에버,307950,B+,B+,A,B+,
1002,2022,현대위아,11210,A,A,A,B+,
1003,2022,현대이지웰,90850,A,A,A+,B+,
1004,2022,현대일렉트릭,267260,B+,B+,A,B+,
1005,2022,현대자동차,5380,B+,A,B+,B,
1006,2022,현대제철,4020,A,A,A,B+,"고발,과징금,시정명령"
1007,2022,현대중공업,329180,B+,B+,A,B+,
1008,2022,현대차증권,1500,A,B+,A+,B+,
1009,2022,현대카드,815419,-,-,-,A,
1010,2022,현대캐피탈,836248,-,-,-,A,
1011,2022,현대커머셜,888975,-,-,-,A,
1012,2022,현대코퍼레이션,11760,B,C,B,B,
1013,2022,현대코퍼레이션홀딩스,227840,B,C,B,B+,
1014,2022,현대퓨처넷,126560,A,A,A,A,
1015,2022,현대해상,1450,B+,A,A,B+,
1016,2022,현대홈쇼핑,57050,A,A,A+,A,"과징금,시정명령"
1017,2022,형지엘리트,93240,D,D,C,D,
1018,2022,혜인,3010,D,D,D,D,
1019,2022,호전실업,111110,D,D,D,C,
1020,2022,호텔신라,8770,A,B+,A,A,
1021,2022,화성산업,2460,B,C,B+,B,
1022,2022,화승엔터프라이즈,241590,B+,B,B,A,
1023,2022,화승인더스트리,6060,C,C,C,B+,
1024,2022,화승코퍼레이션,13520,C,C,C,B,
1025,2022,화신,10690,C,C,A,C,
1026,2022,화인베스틸,133820,D,C,D,D,
1027,2022,화천기계,10660,D,D,D,D,
1028,2022,화천기공,850,D,D,D,C,
1029,2022,환인제약,16580,B,D,B+,B+,
1030,2022,황금에스티,32560,C,D,D,B,
1031,2022,효성,4800,B+,A,A+,B,
1032,2022,효성 ITX,94280,B+,B,A,B+,
1033,2022,효성중공업,298040,A,A,A+,B+,
1034,2022,효성첨단소재,298050,A,B+,A+,A,
1035,2022,효성티앤씨,298020,A,A,A+,B+,
1036,2022,효성화학,298000,A,A,A+,B+,
1037,2022,후성,93370,B,B,B+,B,
1038,2022,휠라홀딩스,81660,B+,B,A,B+,경고
1039,2022,휴니드테크놀러지스,5870,D,D,C,C,
1040,2022,휴마시스,205470,D,D,D,D,
1041,2022,휴비스,79980,B+,B+,A,B+,
1042,2022,휴스틸,5010,D,D,D,C,
1043,2022,휴온스,243070,B,C,B+,B,
1044,2022,휴온스글로벌,84110,C,C,B+,D,
1045,2022,휴젤,145020,C,D,C,C,
1046,2022,흥국생명보험,818586,-,-,-,B,
1047,2022,흥국화재,540,B+,C,B+,B+,
1048,2022,흥아해운,3280,C,C,B,C,시정명령
1049,2022,흥아해운,3280,C,C,B,C,시정명령
